{
  "best_metric": 3.4099833965301514,
  "best_model_checkpoint": "output\\checkpoint-6",
  "epoch": 1.8461538461538463,
  "eval_steps": 500,
  "global_step": 6,
  "is_hyper_param_search": false,
  "is_local_process_zero": true,
  "is_world_process_zero": true,
  "log_history": [
    {
      "epoch": 0.9230769230769231,
      "grad_norm": 0.23375765979290009,
      "learning_rate": 0.00019285714285714286,
      "loss": 3.8376,
      "step": 3
    },
    {
      "epoch": 0.9230769230769231,
      "eval_loss": 3.4528303146362305,
      "eval_runtime": 2.1752,
      "eval_samples_per_second": 4.138,
      "eval_steps_per_second": 1.379,
      "step": 3
    },
    {
      "epoch": 1.8461538461538463,
      "grad_norm": 0.28969675302505493,
      "learning_rate": 0.00017142857142857143,
      "loss": 3.7804,
      "step": 6
    },
    {
      "epoch": 1.8461538461538463,
      "eval_loss": 3.4099833965301514,
      "eval_runtime": 2.1376,
      "eval_samples_per_second": 4.21,
      "eval_steps_per_second": 1.403,
      "step": 6
    }
  ],
  "logging_steps": 500,
  "max_steps": 30,
  "num_input_tokens_seen": 0,
  "num_train_epochs": 10,
  "save_steps": 500,
  "total_flos": 10911183667200.0,
  "train_batch_size": 4,
  "trial_name": null,
  "trial_params": null
}
