{
  "best_metric": 3.4071784019470215,
  "best_model_checkpoint": "output\\checkpoint-6",
  "epoch": 1.8461538461538463,
  "eval_steps": 500,
  "global_step": 6,
  "is_hyper_param_search": false,
  "is_local_process_zero": true,
  "is_world_process_zero": true,
  "log_history": [
    {
      "epoch": 0.9230769230769231,
      "grad_norm": 0.24421365559101105,
      "learning_rate": 0.00019285714285714286,
      "loss": 3.8373,
      "step": 3
    },
    {
      "epoch": 0.9230769230769231,
      "eval_loss": 3.4516377449035645,
      "eval_runtime": 2.1884,
      "eval_samples_per_second": 4.113,
      "eval_steps_per_second": 1.371,
      "step": 3
    },
    {
      "epoch": 1.8461538461538463,
      "grad_norm": 0.2926217317581177,
      "learning_rate": 0.00017142857142857143,
      "loss": 3.7783,
      "step": 6
    },
    {
      "epoch": 1.8461538461538463,
      "eval_loss": 3.4071784019470215,
      "eval_runtime": 2.1035,
      "eval_samples_per_second": 4.279,
      "eval_steps_per_second": 1.426,
      "step": 6
    }
  ],
  "logging_steps": 500,
  "max_steps": 30,
  "num_input_tokens_seen": 0,
  "num_train_epochs": 10,
  "save_steps": 500,
  "total_flos": 10911183667200.0,
  "train_batch_size": 4,
  "trial_name": null,
  "trial_params": null
}
