{
  "best_metric": 0.022046023979783058,
  "best_model_checkpoint": "distilbert-base-uncased-lora-text-classification-safeguard-promptinjection\\checkpoint-1030",
  "epoch": 1.0,
  "eval_steps": 500,
  "global_step": 1030,
  "is_hyper_param_search": false,
  "is_local_process_zero": true,
  "is_world_process_zero": true,
  "log_history": [
    {
      "epoch": 0.4854368932038835,
      "grad_norm": 0.013094925321638584,
      "learning_rate": 0.0009029126213592234,
      "loss": 0.0973,
      "step": 500
    },
    {
      "epoch": 0.970873786407767,
      "grad_norm": 14.282336235046387,
      "learning_rate": 0.0008058252427184466,
      "loss": 0.0598,
      "step": 1000
    },
    {
      "epoch": 1.0,
      "eval_auprc": 0.9945861072038927,
      "eval_f1": 0.9961181094662183,
      "eval_loss": 0.022046023979783058,
      "eval_runtime": 29.7976,
      "eval_samples_per_second": 69.133,
      "eval_steps_per_second": 8.658,
      "step": 1030
    }
  ],
  "logging_steps": 500,
  "max_steps": 5150,
  "num_input_tokens_seen": 0,
  "num_train_epochs": 5,
  "save_steps": 500,
  "total_flos": 1117175320952832.0,
  "train_batch_size": 8,
  "trial_name": null,
  "trial_params": null
}
