{
  "best_metric": 0.7016679048538208,
  "best_model_checkpoint": "distilbert-base-uncased-lora-text-classification\\checkpoint-546",
  "epoch": 2.0,
  "eval_steps": 500,
  "global_step": 546,
  "is_hyper_param_search": false,
  "is_local_process_zero": true,
  "is_world_process_zero": true,
  "log_history": [
    {
      "epoch": 1.0,
      "eval_accuracy": 0.4827586206896552,
      "eval_f1": 0.3143544506816359,
      "eval_loss": 0.7031962871551514,
      "eval_precision": 0.23305588585017836,
      "eval_recall": 0.4827586206896552,
      "eval_runtime": 1.0014,
      "eval_samples_per_second": 115.843,
      "eval_steps_per_second": 57.921,
      "step": 273
    },
    {
      "epoch": 1.8315018315018317,
      "grad_norm": 2.3496360778808594,
      "learning_rate": 6.336996336996337e-07,
      "loss": 0.6723,
      "step": 500
    },
    {
      "epoch": 2.0,
      "eval_accuracy": 0.4827586206896552,
      "eval_f1": 0.3143544506816359,
      "eval_loss": 0.7016679048538208,
      "eval_precision": 0.23305588585017836,
      "eval_recall": 0.4827586206896552,
      "eval_runtime": 1.0029,
      "eval_samples_per_second": 115.663,
      "eval_steps_per_second": 57.832,
      "step": 546
    }
  ],
  "logging_steps": 500,
  "max_steps": 1365,
  "num_input_tokens_seen": 0,
  "num_train_epochs": 5,
  "save_steps": 500,
  "total_flos": 147382761996288.0,
  "train_batch_size": 2,
  "trial_name": null,
  "trial_params": null
}
